device,num
TECNIS ITEC PRELOADED 1-PIECE IOL,1
RESOLUTION 360¿ CLIP,2
RESOLUTION CLIP CLIPPING DEVICE,3
ELIMINATE PLUS,4
"RELIAVAC 400 EVACUATOR, 400ML CAPACITY, Y-CONNECTING TUBE, 35"""" (88.9CM) STERILE",5
"PULSE GEN MODEL 102, PULSE GEN MODEL 102, PULSE GEN MODEL 102",6
SILICONE FOLEY CATHETER,7
UNKNOWN HIP FEMORAL HEAD,8
TARGET HELICAL ULTRA 4 MM X 8 CM,9
TARGET HELICAL ULTRA 3 MM X 6 CM,10
INTRALASE FS2,11
FAST-FIX 360 CURVED NDL DELIVERY SYS,12
ARCTIC SUN® 5000,13
LIGHTSHEER DUET,14
AVEA VENTILATOR,15
"TARGET 360 ULTRA 5MM X 10CM, TARGET 360 ULTRA 5MM X 10CM",16
"6F ANGIO-SEAL VIP VASCULAR CLOSURE DEVICE, OUS",17
ARTIC SUN MODEL 2000 TEMPERATURE MANAGEMENT SYSTEM,18
TAPERLOC COMPLETE MICRO PRIMARY FEMORAL POROUS COATED STEM,19
BARDEX® LUBRICATH® FOLEY CATHETER,20
"TARGET HELICAL ULTRA 2 MM X 6 CM, TARGET HELICAL ULTRA 2 MM X 6 CM",21
COREVALVE TRANSCATHETER AORTIC VALVE,22
"8F ANGIO-SEAL STS PLUS VASCULAR CLOSURE DEVICE, OUS",23
BARDEX® LUBRICATH® FOLEY CATHETER COUDE TIP,24
VELA VENTILATOR,25
TARGET XL  360 SOFT 6MM X 20CM,26
ENDO GIA,27
S4IR ETL,28
ACCUTRAK DELIVERY CATHETER SYSTEM,29
"6F ANGIO-SEAL STS PLUS VASCULAR CLOSURE DEVICE, OUS",30
INGENIA 1.5T,31
LTV 1200 VENTILATOR,32
UNIVERSAL RINGLOC 2-HOLE SHELL,33
CENTURION VISION SYSTEM,34
PREMIUM PLUS CEEA,35
E1 RINGLOC MAX-ROM ACETABULAR LINER,36
RFB MDU CNTRL PWRMX ELITE,37
OSTEORAPTOR 2.9 W/ 2 UB WHITE / BLUE,38
HEALICOIL RSB SA 4.75MM W/1 UT & 1 UB BK,39
"EXCELSIOR SL-10 150CM 2 TIP, EXCELSIOR SL-10 150CM 2 TIP",40
ENDO GIA ULTRA,41
"SVC REPL,MDU, HAND CNTRL, PWRMX",42
MULTIFIRE ENDO GIA,43
ACCESSORY TRACTION,44
TARGET 360 ULTRA 2.5MM X 4CM,45
GIA,46
TARGET 360 NANO 2 MM X 3 CM,47
TARGET XL 360 SOFT 5MM X 10CM,48
TARGET 3D 7 MM X 15 CM,49
TARGET 360 ULTRA 2MM X 4CM,50
TARGET 360 SOFT 5MM X 15CM,51
"SYNCHROMED II, SYNCHROMED II",52
TRAPEASE PVCF FEM/JUG 55CM CSI,53
"TARGET HELICAL ULTRA 3 MM X 6 CM, TARGET HELICAL ULTRA 3 MM X 6 CM",54
"CONTROL UNIT, DYONICS 25",55
TARGET 360 NANO 2.5 MM X 4 CM,56
"TARGET XL 360 SOFT 4MM X 12CM, TARGET XL 360 SOFT 4MM X 12CM",57
"LIBERTY CYCLER SET, SINGLE CONN./EXT. DL",58
LIBERTY CYCLER,59
RELIAVAC 400 CLOSED WOUND SUCTION KIT WITH PVC SILICONIZED DRAIN,60
AXIUM PRIME BRPL 3D,61
LIBERTY SELECT CYCLER,62
"TOSOH HLC-723G8 ANALYZER, TOSOH HLC-723G8 ANALYZER",63
TOSOH HLC-723G8 ANALYZER,64
AIA-600II,65
NAVALIGN COOK CELECT JUGULAR VENA CAVA FILTER SET,66
COOK CELECT FEMORAL AND JUGULAR VENA CAVA FILTER,67
GUNTHER TULIP JUGULAR VENA CAVA FILTER SET,68
UNKNOWN,69
GUNTHER TULIP NAVALIGN FEMORAL VENA CAVA FILTER SET,70
GUNTHER TULIP FEMORAL VENA CAVA FILTER SET,71
"FREESTYLE PRECISION NEO, FREESTYLE PRECISION NEO",72
OT VERIO FLEX METER,73
OT ULTRA METER,74
OT PING METER,75
ACETLR CUP HAP 50MM W/ IMPTR,76
SYNVISC ONE,77
SWITCHCUT REAMER 4.5 X 10.0MM W/ NITINOL PASSERS,78
SWITCHCUT REAMER 4.5 X 9.5MM W/ NITINOL PASSERS,79
DEXCOM G5 MOBILE CONTINUOUS GLUCOSE MONITORING SYSTEM,80
"FREESTYLE FREEDOM LITE, FREESTYLE FREEDOM LITE",81
"FREESTYLE FREEDOM, FREESTYLE FREEDOM",82
"FREESTYLE LITE, FREESTYLE LITE",83
"SAPPHIRE M.T INFUSION  PUMP  - FRENCH, SAPPHIRE M.T INFUSION  PUMP  - FRENCH",84
RESOLUTE ONYX RX,85
COBAS 6000 C (501) MODULE,86
"FREESTYLE LITE, FREESTYLE LITE, FREESTYLE LITE",87
UNKNOWN CUP,88
UNKNOWN HEAD,89
FREEDOM CONSTR. LINER +5 SZ 24,90
"LINER STANDARD 3.5 MM OFFSET 40 MM I.D. FOR USE WITH 58 MM O.D. SHELL, UNKNOWN LINER",91
"FREEDOM CONSTR. LINER +5 SZ 23, FREEDOM CONSTR. LINER +5 SZ 23",92
FREEDOM CONSTR HD 36MM T1 STD,93
VGXP XP MED TIB BRG RT 9X63,94
VANG XP INLK FEMORAL RT 57.5,95
OPTIPAC-S 60 REFOBACIN BONE CEMENT R,96
"FREEDOM CONSTR HD 36MM T1 STD, FREEDOM CONSTR HD 36MM T1 STD",97
VANG XP INLK PRI TIB TRAY 65MM,98
VGXP XP LAT TIB BRG RT 9X63,99
ORALBPWRPWRORALCARERFLSPRECISIONCLEAN,100
"ORAL-B BRUSHHEADS, VERSION UNKNOWN",101
COBAS INTEGRA 800,102
COBAS 6000 C501 MODULE,103
"NAVLOCK, UNIVERSAL TRACKER ADAPTER FOR INSTRUMENTS FROM 13 TO 20MM, NAVLOCK, UNIVERSAL TRACKER ADAPTER FOR INSTRUMENTS FROM 13 TO 20MM",104
"2008T HEMODIALYSIS SYS., WITH CDX",105
COBAS  INTEGRA 400 PLUS,106
PEROXICLEAR HYDROGEN PEROXIDE SOLUTION,107
EVOLUT R TRANSCATHETER AORTIC VALVE,108
ORAL-B FLOSS ACTION BRUSH HEAD,109
ATTUNE IMPACTION HANDLE,110
"CRANIALMAP SOFTWARE, CRANIALMAP SOFTWARE",111
AFFINITY 4 BED FRAME,112
PHYSIOMESH,113
SYMPHION¿ TISSUE REMOVAL SYSTEM RESECTING DEVICE,114
RESIDENT BED FRAME,115
OBTRYX¿ SYSTEM - CURVED,116
BALLAST CURVED GEAR SHIFT,117
,118
N/A,119
LIGAMAX,120
ANIMAS VIBE,121
COBAS 8000 COBAS ISE MODULE (DOUBLE),122
COBAS 8000 C 702 MODULE,123
75MM SELECTABLE NEW TLC,124
UNKNOWN INTRODUCER KIT,125
MPA,126
UNKNOWN PLASMABLADE DEVICE,127
PVP SMALL 4.3CM X 4.3CM,128
ESSURE,129
"HUDSON TRACH-VENT+,CLEAN",130
UNKNOWN HIP ACETABULAR CUP,131
UNKNOWN MAE GENERATOR,132
LINX REFLUX MANAGEMENT SYSTEM,133
SURESCAN,134
"ELEOS, RESURFACING FEMUR, RIGHT",135
PROCLAIM 7 ELITE,136
ASR ACETABULAR IMPLANT 54,137
UNKNOWN HIP FEMORAL AUGMENT,138
PROCLAIM 5 ELITE,139
"COMPRESSOR MINI, COMPRESSOR MINI",140
ETS*ENDO ARTICU LIN CUTTER WHI,141
MESH VENTRALEX,142
DEPUY ASR XL FEM IMP SIZE 47,143
CUB PEDIATRIC CRIB- HYD BASE,144
AIR OPTIX PLUS HYDRAGLYDE,145
OPTIFLUX 160NRE DIALYZER FINISHED ASSY.,146
CREATININE PLUS VER.2,147
"OCTRODE LEAD KIT, 60CM LENGTH",148
LIBERTY SELECT CYCLER ASSY(NON-VALUATED),149
"PROCLAIM 5 ELITE, PROCLAIM 5 ELITE",150
SYNCHROMED II,151
LPS UNIV TIB HIN INS XSM 18MM,152
PARIETEX,153
SROM*NRH REPL HINGE PIN/XSM/SM,154
UNKNOWN MAE DEVICE,155
"LEAD MODEL 302, LEAD MODEL 302",156
ACTIVA,157
GREEN RELOAD FOR ECHELON 60,158
MODULAR HIP STEM,159
ELECSYS TSH ASSAY,160
EEA,161
INTERSTIM II,162
"OCTRODE LEAD KIT, 60CM LENGTH, OCTRODE LEAD KIT, 60CM LENGTH",163
SIGMA HP FEM NOTCH IMPACTOR,164
HEARTSTART XL+ DEFIBRILLATOR/MONITOR,165
"ANES CIRCUIT, ADULT, 72 IN CORR",166
LUMBAR CATHETER,167
INFINITY®,168
COAGUCHEK ® XS SYSTEM,169
PFC* PATELLAR CEMENTING CLAMP,170
ONYX,171
APOLLO,172
ACRYSOF IQ NATURAL SINGLEPIECE IOL,173
PHYSIOMESH UNKNOWN PRODUCT,174
AUTOCAT2 WAVE,175
"INTERSTIM II, INTERSTIM II, INTERSTIM II, INTERSTIM II",176
CORAIL AMT COLLAR SIZE 12,177
1.7MM CABLE WITH CRIMP 750MM-STERILE,178
ACRYSOF RESTOR TORIC SINGLEPIECE IOL,179
"SURESCAN, SURESCAN",180
PRO-KINETIC ENERGY 3.0/15,181
HEARTWARE VENTRICULAR ASSIST SYSTEM- CONTROLLER 1.0,182
"SURESCAN, SURESCAN, SURESCAN",183
DISTAL FEMUR JTS,184
MESH SOFRADIM - PARIETEX¿ COMPOSITE MESH,185
HEART START XL,186
CUSA EXCEL 36KHZ STRAIGHT HANDPIECE,187
"PULSE GEN MODEL 105, PULSE GEN MODEL 105",188
MESH SOFRADIM - PARIETEX¿ OPTIMIZED COMPOSITE MESH,189
PRO-KINETIC ENERGY 2.5/9,190
"VERSAONE, VERSAONE",191
VERIFY,192
HEARTWARE VENTRICULAR ASSIST SYSTEM - CONTROLLER 2.0,193
LEAVE ACTIVE PFC STB 10MM SZ3,194
C-LEG KNEE JOINT,195
HEARTWARE VENTRICULAR ASSIST SYSTEM- DRIVELINE CABLE,196
FAST-CATH TRIO¿ HEMOSTATIS INTRODUCER CATH-LOCK¿ INTRODUCER,197
ZEPHYR DR,198
TENDRIL ST,199
COBAS 8000 C (701) MODULE,200
DEXCOM G4 PLATINUM CONTINUOUS GLUCOSE MONITORING SYSTEM,201
QUADRA ASSURA MP ICD,202
ELLIPSE DR,203
SUMMIT DUOFIX TAP SZ4 STD OFF,204
RUSCH DOUBLE LUMEN BRONC. TUBE SET RIGHT,205
"UNKNOWN TRAPEASE PERMANENT VENA CAVA FILTER, UNKNOWN TRAPEASE PERMANENT VENA CAVA FILTER",206
PROCEED VENTRAL PATCH,207
AXIOS STENT AND DELIVERY SYSTEM,208
PRODIGY AUTO CODE,209
OPTIFLUX 180NRE DIALYZER FINISHED ASSY.,210
"PERCLOSE PROGLIDE  6F SUTURE MEDIATED CLOSURE (SMC) SYSTEM, PERCLOSE PROGLIDE  6F SUTURE MEDIATED CLOSURE (SMC) SYSTEM",211
MAHURKAR,212
TI QUARTER-TUBULAR PLATE WITH COLLAR 7 HOLES/55MM,213
HEARTSTART MRX -EMS DEFIBRILLATOR,214
"CARBON STEEL BLADE, #15",215
LIGHTSPEED VCT,216
ONX AORTIC ANATOMIC EXT 19,217
"INTERSTIM II, INTERSTIM II, INTERSTIM II",218
ECHELON FLEX POWERED VASCULAR STAPLER WITH ADVANCED PLACEMENT TIP,219
XMAX MOTOR,220
ARROW CVC SET: 3-LUMEN 8.5FR X 16CM,221
"ENDO GIA ULTRA, ENDO GIA ULTRA",222
ETHICON PHYSIOMESH COMPOSITE MESH 15X20CM OVAL,223
"FT4, FREE THYROXINE",224
FT3 III - FREE TRIIODOTHYRONINE,225
O-ARM 1000 IMAGING SYSTEM 3RD EDITION,226
466FXXXX,227
ENDO CLIP III,228
"ACTIVA, ACTIVA",229
BRAVO,230
6.5 CM ADULT ROTATING CRANIOTOME ATTACH,231
METAL/METAL HEAD 12/14 28+3.5,232
"ACTIVA, ACTIVA, ACTIVA, ACTIVA, ACTIVA, ACTIVA",233
LENSX LASER SYSTEM,234
HEARTWARE VENTRICULAR ASSIST SYSTEM - PUMP,235
FIBEROPTIX ULTRA 8 IAB: 8FR 40CC,236
8MM TI STRAIGHT RADIAL STEM 28MM-STERILE,237
MALEM,238
"ALLEGRETTO WAVE EYE-Q EXCIMER LASER, ALLEGRETTO WAVE EYE-Q EXCIMER LASER",239
TRUEMETRIX,240
QUARTET,241
OPTICROSS¿,242
PWRD ECH FLEX 45MM 34CM SHAFT,243
400 MICRON FIBER PROCEDURE KIT,244
QUICKFLEX MICRO LV LEAD,245
"MALEM BEDWETTING ALARM, MALEM BEDWETTING ALARM",246
"COBAS E 411 IMMUNOASSAY ANALYZER, COBAS E 411 IMMUNOASSAY ANALYZER",247
RESERVOIR 1.8ML MMT-326A,248
FAST-CATH HEMOSTASIS INTRODUCER,249
MICRO-INTRODUCER KITS,250
PARADIGM REAL-TIME REVEL INSULIN INFUSION PUMP MMT-723NAB,251
"EON MINI IPG, 16-CHANNEL RECHARGEABLE",252
MALEM BED-WETTING ALARM,253
PARADIGM REAL-TIME REVEL INSULIN INFUSION PUMP MMT-523RNAP,254
"OPTICROSS¿, OPTICROSS¿",255
"INTERSTIM II, INTERSTIM II",256
WAVELIGHT FS200 FEMTOSECOND LASER,257
"ARROW CVC SET: 3-LUMEN 8.5FR X 16CM, ARROW CVC SET: 3-LUMEN 8.5FR X 16CM",258
ARROW INTERNATIONAL RADIAL ARTERY CATHETERIZATION SET,259
OMNIPOD INSULIN PUMP,260
6.5 CANCELLOUS BONE SCREW 16MM,261
ALLEGRETTO WAVE EYE-Q EXCIMER LASER,262
INTUITIVE,263
UNKNOWN OPTEASE RETREIVABLE VENA CAVA FILTER,264
CADD LEGACY CONTINUOUS INFUSION PUMP,265
530G INSULIN PUMP MMT-551NAL,266
RUSCH BRONCH. DOUBLE-LUMEN TUBE-SET,267
CADD PUMP LEGACY,268
RIATA ACTIVE FIXATION,269
UNKNOWN BIOMET ACETABULAR LINER,270
RESTORE SENSOR,271
UNKNOWN ZIMMER  PMI DEVICE,272
BD SAF-T-INTIMA¿ IV CATHETER SAFETY SYSTEM,273
TRIDENT 0° X3 INSERT 36MM ID,274
CARPENTIER-EDWARDS PERIMOUNT PLUS PERICARDIAL BIOPROSTHESIS,275
UNKNOWN TRAPEASE VENA CAVA FILTER,276
PUMP MMT-1780KPK 670G PATHWAY BLACK MG,277
UNKNOWN BIOMET ACETABULAR CUP,278
UNKNOWN BIOMET ARCOS FEMORAL STEM,279
"PROCLAIM 7 ELITE, PROCLAIM 7 ELITE",280
640G INSULIN PUMP MMT-1711K,281
TRAPEASE PVCF BRACH 90CM CSI,282
MRHK TIB INS 24MM XS/S S1/S2,283
CONFIRM,284
VERSACARE FRAME,285
COMPACT AIR DRIVE II,286
"INTELLIS, INTELLIS, INTELLIS",287
UNKNOWN BIOMET FEMORAL HEAD,288
630G INSULIN PUMP MMT-1715K 630G BLACK MG,289
STELLANT CT SYRINGE KIT,290
AESPIRE VIEW,291
MRH AXLE,292
"CERTAIN® 4, 5, 6MM(D) IMPLANT DRIVER TIP - LONG",293
"HF SENSOR DELIVERY SYSTEM, HF SENSOR DELIVERY SYSTEM",294
UNKNOWN INTACT WAND,295
VISTA CAGE,296
UNKNOWN OPTEASE VENA CAVA FILTER,297
HEARTWARE VENTRICULAR ASSIST SYSTEM-SHOULDER PACK,298
UNKNOWN INTACT HANDLE,299
ENDEAVOR SPRINT RX,300
PARADIGM REAL-TIME REVEL INSULIN INFUSION PUMP MMT-723NAS,301
FEMORAL IMPLANT,302
KODIAK RECIRCULATING CHILLER,303
COR-KNOT,304
KANGAROO,305
V40 COCR LFIT HEAD 36MM/+5,306
UNKNOWN INTACT CONSOLE,307
CADD PUMP MS3,308
ACCOLADE TMZF HIP STEM #7,309
640G INSULIN PUMP MMT-1712B,310
530G INSULIN PUMP MMT-751NAL,311
TRIDENTII TRITANIUM CLUSTER50D,312
UNKNOWN TRAPEASE PERMANENT VENA CAVA FILTER,313
"INSPIRA SMOOTH SILICONE GEL FILLED BREAST IMPLANT, UNK MAMMARY IMPLANT, INSPIRA SMOOTH SILICONE GEL FILLED BREAST IMPLANT, UNK MAMMARY IMPLANT, INSPIRA SMOOTH SILICONE GEL FILLED BREAST IMPLANT, UNK MAMMARY IMPLANT",314
SENSOR ENLITE MMT-7008B,315
530G INSULIN PUMP MMT-751LNAL,316
"BIOPATCH, UNKNOWN SIZE/PRODUCT ID",317
SIZE 4 ACCOLADE II 127 DEG,318
AISYS,319
DERMABLADE,320
AUTO SUTURE,321
OPT BLADELESS 12X150 STABILITY,322
EXETER V40 STEM 44MM NO 0,323
UNKNOWN UHR BIPOLAR COMPONENT,324
CADD PUMP,325
CLEARLINK SYSTEM,326
V60 VENTILATOR,327
TRUETRACK,328
AVANCE,329
SPRINT QUATTRO,330
HOMECHOICE AUTOMATED PD SET WITH CASSETTE,331
PLEXITRON CONTINU-FLO SOLUTION SETS,332
NI,333
PRISMAFLEX ST150,334
INTRAVIA CONTAINER EMPTY,335
3000 ML TPN BAG,336
CLEARLINK CONTINU-FLO MULTI-PORT MANIFOLD,337
HEARTSTART MRX,338
HEARTWARE VENTRICULAR ASSIST SYSTEM-DRIVELINE CABLE,339
LARGE VOLUME PUMP,340
PARADIGM REAL-TIME REVEL INSULIN INFUSION PUMP MMT-723LNAB,341
530G INSULIN PUMP MMT-551NAP,342
FLEXCATH ADVANCE STEERABLE SHEATH,343
PRECISION FLOW,344
RINGLOC BI-POLAR 28X46MM,345
"BRK¿ XS TRANSSEPTAL NEEDLE, 71 CM LENGTH",346
"PULSE GEN MODEL 103, PULSE GEN MODEL 103",347
"PRIMEADVANCED, PRIMEADVANCED",348
PARADIGM REAL-TIME REVEL INSULIN INFUSION PUMP MMT-523LNAS,349
PUMP MMT-1715KM 630G 3ML BLACK MEDI  ,350
530G INSULIN PUMP MMT-751LNAB,351
PARADIGM REAL-TIME REVEL INSULIN INFUSION PUMP MMT-723LNAL,352
"AMO, AMO, AMO, AMO, AMO",353
530G INSULIN PUMP MMT-551LNAP,354
VENASEAL,355
CODMAN AND SHURTLEFF,356
"HYALURONIC ACID, SYNVISC HYLAN",357
CHUCK WITH KEY F/BPL,358
"SYNCHROMED II, SYNCHROMED II, SYNCHROMED II",359
HEARTWARE VENTRICULAR ASSIST SYSTEM-BATTERY,360
"LAMITRODE TRIPOLE 16 LEAD, 60 CM, LAMITRODE TRIPOLE 16 LEAD, 60 CM",361
TI MATRIXRIB I-PLATE WIDE 2.8MM THICK/11 HOLES - STERILE,362
530G INSULIN PUMP MMT-751NAB,363
PARADIGM REAL-TIME INSULIN INFUSION PUMP MMT-754CML,364
PUMP MMT-1780K 670G 3ML BLACK,365
640G INSULIN PUMP MMT-1712P 640G 3ML PURPLE MG,366
ZENITH FLEX WITH SPIRAL-Z TECHNOLOGY AAA ENDOVASCULAR GRAFT ILIAC LEG,367
DRIVE SHAFT-MINIMUM 520MM LENGTH-FOR USE WITH RIA,368
530G INSULIN PUMP MMT-751LNAP,369
"HIRSCH 12.5"""" TI PECTUS BAR",370
HULKA CLIP,371
"PRECISION, PRECISION",372
ACUVUE,373
"TMS MACHINE, TMS MACHINE",374
640G INSULIN PUMP MMT-1711H,375
HEARTWARE VENTRICULAR ASSIST SYSTEM-PUMP,376
WALTER LORENZ TOTAL TEMPOROMANDIBULAR JOINT REPLACEMENT SYSTEM,377
DERMABOND PRINEO 22CM SKIN CLOSURE,378
"SYNVISC ONE, SYNVISC ONE",379
ROI-A CAG MED H14MM 33X36MM 14,380
PARADIGM REAL-TIME INSULIN INFUSION PUMP MMT-722WWS,381
"UNKNOWN JOEY PUMP, UNKNOWN JOEY PUMP",382
REDIGUARD IAB: 8FR 40CC,383
", ",384
2008K2 HEMODIALYSIS SYS. OLC/DIASAFE PLS,385
ARCHITECT TOTAL B-HCG,386
530G INSULIN PUMP MMT-751NAS,387
PUMP IN STYLE ADVANCED BREASTPUMP - BACKPACK,388
640G INSULIN PUMP MMT-1712K,389
TAPERLOC MICROPLASTY HIP SYSTEM,390
HEARTWARE VENTRICULAR ASSIST SYSTEM - CONTROLLER 1.0,391
MAYFIELD DISPOSABLE ADULT SKULL PINS (PLASTIC),392
RESERVOIR 3ML MMT-332A,393
"KIT IMPLANTABLE LEAD, 50CM",394
466P306X,395
"BIOMET BONE CEMENT V 1X26G, UNKNOWN BONE CEMENT",396
UNKNOWN TRIAL STEM,397
PARADIGM REAL-TIME INSULIN INFUSION PUMP MMT-722WWL,398
"SJM TRIFECTA VALVE, SJM TRIFECTA VALVE",399
FREEDOM CONSTR HD 36MM T1 -3MM,400
FREEDOM RINGLOC HIP SYSTEM,401
"INTERSTIM, INTERSTIM",402
", , ",403
CELLO,404
MMT-715 PARADIGM INSULIN PUMP,405
CUSTOM-PAK SURGICAL PROCEDURE PACK,406
CONSTELLATION VISION SYSTEM,407
PARADIGM REAL-TIME REVEL INSULIN INFUSION PUMP MMT-723RNAS,408
EDWARDS SAPIEN 3 TRANSCATHETER HEART VALVE,409
VIPER UNIVERSAL POLY DRIVER,410
REFOBACIN REVISION 1X40G,411
SYNERGY¿,412
NIM® 3.0 INTERFACE,413
"DURATA STS OPTIM ACTIVE FIXATION, DF-4 CONNECTOR",414
EDWARDS COMMANDER DELIVERY SYSTEM,415
UNK CUI GEL,416
2.5MM DRILL BIT/QC/GOLD/180MM,417
LINOX SMART SD 65/18,418
OPTIPAC-S 40 REFOBACIN PLUS BONE CEMENT,419
LINOX S 65,420
ENTOVIS DR-T,421
LUMAX 540 VR-T,422
SETROX S 53,423
UNKNOWN SHELL,424
LINOX SD 65/16,425
SETROX S 60,426
SENSOR MMT-7020A ENLITE3 5PK US,427
PARADIGM REAL-TIME REVEL INSULIN INFUSION PUMP MMT-523LNAP,428
UNIFY ASSURA ICD,429
"FORTIFY VR, U1.6 DF1 ID",430
FOLFUSOR,431
PARADIGM REAL-TIME REVEL INSULIN INFUSION PUMP MMT-523NAS,432
ONETOUCHPING GLUCOSEMGMTSYSTEM,433
BD PERFUSION¿ SYRINGE W/NEEDLE,434
TIBIAL BASE PLATE,435
LINER,436
"SJM MASTERS SERIES VALVE EXPANDED CUFF, SJM MASTERS SERIES VALVE EXPANDED CUFF",437
"STYLE 68 SALINE FILLED BREAST IMPLANT, STYLE 68 SALINE FILLED BREAST IMPLANT",438
JUVEDERM VOLLURE XC 2X1 ML,439
SABER 5MM4CM 90,440
ALARIS® PUMP MODULE,441
EMERGE¿,442
SMARTSITE® EXTENSION SET,443
DO NOT USE-CERTAIN® RATCHET EXTENSION - LONG 4.1. 5.0. 6.0MM(D),444
NIM® 3.0 MAINFRAME INTERNATIONAL,445
530G INSULIN PUMP MMT-551NAS,446
LIBERTY CYCLER SET,447
TRILOGY 100,448
SENSOR ENLITE MMT-7008A,449
JUVEDERM VOLUMA XC 27G 2 X 1ML,450
"VERIFY, VERIFY",451
ULTRA COREGA CREAM MINT FLAVOR,452
OPTIPAC-S 80 REFOB BONE CEMENT,453
PARADIGM REAL-TIME INSULIN INFUSION PUMP MMT-554WWS,454
"RESTORE SENSOR, RESTORE SENSOR",455
PARADIGM REAL-TIME REVEL INSULIN INFUSION PUMP MMT-523NAB,456
TRIATHLON ASYMMETRIC X3 PATELLA,457
TRIDENT 0 DEG CONSTRAINED INSERT 22E,458
T:SLIM X2 INSULIN PUMP,459
DA VINCI XI SURGICAL SYSTEM,460
"466P306X, 466P306X",461
MUSTANG¿,462
T:SLIM G5 SYSTEM,463
"QUARTET, QUARTET",464
HEMOCHRON SIGNATURE ELITE WHOLE BLOOD MICROCOAGULATION SYSTEM,465
STEALTHSTATION S7 SYSTEM,466
"FLOW-I C20, FLOW-I C20",467
530G INSULIN PUMP MMT-551NAB,468
HEARTWARE VENTRICULAR ASSIST SYSTEM-CONTROLLER AC ADAPTER,469
"BIOMET BONE CEMENT V 1X26G, BIOMET BONE CEMENT V 1X26G",470
"ITREL 3, ITREL 3",471
640G INSULIN PUMP MMT-1712W,472
"ILS 29MM, CURVED",473
ARCHITECT I2000SR ANALYZER,474
PARADIGM REAL-TIME REVEL INSULIN INFUSION PUMP MMT-723LNAP,475
"ENTERRA, ENTERRA",476
"DEXCOM G5 MOBILE CONTINUOUS GLUCOSE MONITORING SYSTEM, DEXCOM G5 MOBILE CONTINUOUS GLUCOSE MONITORING SYSTEM",477
COYOTE¿ ES,478
CM DRIVE ACQUA IMPLANT 3.5X13,479
T:SLIM INSULIN DELIVERY SYSTEM,480
CM DRIVE IMPLANT 3.5X11.5,481
INTELLIVUE INFORMATION CENTER IX,482
NIM® EMG - ENDOTRACHEAL TUBE - TRIVANTAGE®,483
TI TITAMAX  IMPLANT (4.1)3.75X9,484
TI DRIVE ACQUA IMPLANT (4.3) 4.3X10,485
CM DRIVE IMPLANT 3.5X8,486
TI TITAMAX EX IMPLANT (4.1)3.75X15,487
TI TITAMAX EX IMPLANT (4.1)3.75X13,488
VITEK® 2 AST-YS08 TEST KIT,489
TI TITAMAX EX IMPLANT (4.1)4.0X9,490
TX2 TISSUE REMOVAL SYSTEM - MICROTIP,491
WS TITAMAX IMPLANT 5.0X6,492
CM ALVIM IMPLANT 3.5X13,493
CM TITAMAX EX IMPLANT 3.5X9,494
CM TITAMAX IMPLANT 3.75X7,495
CM TITAMAX EX IMPLANT 3.75X13,496
CM TITAMAX EX ACQUA IMPLANT 3.5X9,497
CM TITAMAX EX IMPLANT 4.0X13,498
TI TITAMAX EX ACQUA IMPLANT (4.1)3.75X13,499
CM TITAMAX EX ACQUA IMPLANT 3.5X11,500
TI TITAMAX  IMPLANT (4.1)3.75X13,501
PARADIGM REAL-TIME INSULIN INFUSION PUMP MMT-754CMB,502
"BRAVO, BRAVO",503
UNKNOWN ZSS STEM,504
2.4MM LCP® STRAIGHT WRIST PLATE 170MM,505
3.5MM LOCKING SCREW SELF-TAPPING 50MM,506
NEXGEN PRECOAT STEMMED TIBIAL COMPONENT,507
ISOFLEX OPTIM LEAD,508
NEXGEN STEM EXTENSION,509
530G INSULIN PUMP MMT-751LNAH,510
INSTINCT ENDOSCOPIC HEMOCLIP,511
O-ARM O2 IMAGING SYSTEM,512
UNK AGC BEARING,513
"ALARM SENSOR, BED SENSOR PAD 6MTH",514
BD¿ BLUNT FILL NEEDLE,515
"CM DRIVE ACQUA IMPL TI 4.3X16, CM DRIVE ACQUA IMPL TI 4.3X16",516
"CM TITAMAX EX ACQUA IMPL TI 4.0X17, CM TITAMAX EX ACQUA IMPL TI 4.0X17",517
"CM DRIVE IMPLANT, TITANIUM, 4.3X13 MM, CM DRIVE IMPLANT, TITANIUM, 4.3X13 MM",518
ACCU-CHEK ® INFORM METER,519
"IMPLANTABLE NEUROSTIMULATOR, IMPLANTABLE NEUROSTIMULATOR",520
TRILOGY 202,521
PARADIGM REAL-TIME REVEL INSULIN INFUSION PUMP MMT-723RNAB,522
T:SLIM G4 SYSTEM,523
PERSONA ARTICULAR SURFACE FIXED BEARING CR,524
IFUSE IMPLANT SYSTEM,525
UNKNOWN ZIMMER VERSYS FEMORAL STEM,526
UNKNOWN ZIMMER FEMORAL HEAD,527
UNKNOWN ZIMMER ACETABULAR CUP,528
PERSONA CR NARROW FEMORAL CEMENTED,529
HEARTSTART XL+  DEFIBRILLATOR/MONITOR,530
UNKNOWN ZIMMER ACETABULAR LINER,531
VICTORY XL DR,532
BD¿ 5ML SYRINGE WITH NEEDLE,533
UNKNOWN VANGUARD KNEE FEMORAL,534
PARADIGM REAL-TIME REVEL INSULIN INFUSION PUMP MMT-723NAP,535
UNKNOWN VANGUARD KNEE BEARING,536
STFX SPI PDS+ VIO 9IN USP3-0,537
UNKNOWN VANGUARD KNEE TIBIAL TRAY,538
VITEK® 2 AST-P631 TEST KIT,539
"QUADRA ASSURA MP ICD, QUADRA ASSURA MP ICD",540
"BD VACUTAINER® WINGED SAFETY PBBCS WITH 12"""" TUBING AND LUER ADAPTER",541
530G INSULIN PUMP MMT-551LNAB,542
530G INSULIN PUMP MMT-551LNAL,543
JRNY BCS PAT RESRF RD 32 MM STD,544
JOURNEY TIBIA BASE NP RT SZ 3,545
PARADIGM REAL-TIME INSULIN INFUSION PUMP MMT-554WWB,546
ASTRAL 100 - AMER,547
PARADIGM REAL-TIME REVEL INSULIN INFUSION PUMP MMT-723LNAS,548
PARADIGM REAL-TIME INSULIN INFUSION PUMP MMT-522LNAB,549
IMMULITE 2000 TOXOPLASMA QUANT IGG,550
640G INSULIN PUMP MMT-1710K,551
MX40 1.4 GHZ SMART HOPPING,552
COMPREHENSIVE SRS,553
SENSOR MMT-7020B ENLITE3 US,554
TENDRIL STS,555
ADAPTA DR,556
PARADIGM REAL-TIME REVEL INSULIN INFUSION PUMP MMT-523RNAS,557
"STYLE 133MV TISSUE EXPANDER, STYLE 133MV TISSUE EXPANDER",558
CAPSUREEPI,559
"SURESCAN, SURESCAN, SURESCAN, SURESCAN",560
NEW IMAGE CONVEX FLEXTEND BARRIER WITH TAPE BORDER,561
PROXIMATE*55MM LINEAR CUTTER,562
PARADIGM REAL-TIME REVEL INSULIN INFUSION PUMP MMT-723LNAH,563
BD SAF-T-INTIMA IV CATHETER SAFETY SYSTEM,564
PARADIGM REAL-TIME INSULIN INFUSION PUMP MMT-554LWWB,565
640G INSULIN PUMP MMT-1711W,566
UNKNOWN NEUROMODULATION DEVICE,567
HEARTWARE VENTRICULAR ASSIST SYSTEM - SHOULDER PACK,568
FUSION NAVIGATION SYSTEM,569
640G INSULIN PUMP MMT-1712H,570
PARADIGM REAL-TIME REVEL INSULIN INFUSION PUMP MMT-723NAL,571
JUVEDERM VOLUMA WITH LIDOCAINE 1ML,572
BD INSULIN SYRINGE WITH THE BD ULTRA-FINE¿ NEEDLE,573
ARCHITECT C4000 CUVETTE SEGMENT,574
MITRACLIP SYSTEM STEERABLE GUIDE CATHETER,575
"SILICONE BREAST IMPLANTS, SILICONE BREAST IMPLANTS",576
"DEXCOM G5 MOBILE CONTINUOUS GLUCOSE MONITORING SYSTEM, DEXCOM G5 MOBILE CONTINUOUS GLUCOSE MONITORING SYSTEM, DEXCOM G5 MOBILE CONTINUOUS GLUCOSE MONITORING SYSTEM",577
AV PLUS DX BIFUR BIPOLAR LEAD,578
COCR FEMORAL HEAD,579
UNKNOWN LINER,580
MEDFUSION¿ MEDFUSION® 3500 SYRINGE PUMP,581
UNKNOWN CONSTRAINED LINER,582
XLPE LINER STANDARD 32 MM,583
G7 STR MONOBLOCK SHELL INSRTR,584
640G INSULIN PUMP MMT-1711P,585
UNIFY CRT-D,586
PARADIGM REAL-TIME REVEL INSULIN INFUSION PUMP MMT-723RNAP,587
PIPELINE FLEX EMBOLIZATION DEVICE,588
ASTRAL 150 - DEU,589
CLEO® 90 INFUSION SET,590
PERCLOSE PROGLIDE  6F SUTURE MEDIATED CLOSURE (SMC) SYSTEM,591
LIFEPAK(R) 20 DEFIBRILLATOR/MONITOR,592
"DEXCOM G4 PLATINUM CONTINUOUS GLUCOSE MONITORING SYSTEM, DEXCOM G4 PLATINUM CONTINUOUS GLUCOSE MONITORING SYSTEM",593
SJM TRIFECTA VALVE,594
UNIFY ASSURA CRT-D RF HV,595
M3150 INFO CNTR LOCAL DATABASE REL N.0,596
HEARTWARE VENTRICULAR ASSIST SYSTEM - DRIVELINE CABLE,597
ZYNO MEDICAL Z-800 INFUSION PUMP SYSTEM,598
2.7MM VA-LCP LATERAL DISTAL FIBULA PLATE/4 HOLES/LEFT,599
2.7MM/3.5MM VA-LCP PROXIMAL OLECRANON PL 2H/RT/73MM-STER,600
530G INSULIN PUMP MMT-751NAP,601
466F220B,602
"FREESTYLE LIBRE, FREESTYLE LIBRE",603
COLIBRI II HANDPIECE,604
"STYLE 133MV TISSUE EXPANDER WITH SUTURE TAB, STYLE 133MV TISSUE EXPANDER WITH SUTURE TAB",605
SPRINT FIDELIS,606
AU400 CLINICAL CHEMISTRY ANALYZER,607
MINICAP PREP KITS,608
EXTENSION SETS WITH ONE-LINK NEEDLE-FREE LV CONNECTOR,609
CLEARLINK BLOOD RECIPIENT SET,610
BD INTIMA II¿ CLOSED IV CATHETER SYSTEM,611
530G INSULIN PUMP MMT-551LNAS,612
466P306AU,613
"STYLE 68 SALINE FILLED BREAST IMPLANT, STYLE 68 SALINE FILLED BREAST IMPLANT, STYLE 68 SALINE FILLED BREAST IMPLANT",614
PARADIGM REAL-TIME INSULIN INFUSION PUMP MMT-754CMS,615
LIGAMAX-5MM ENDO CLIP APPLIER,616
X-MESH ALT LG 0 DEG 28-38MM,617
RIATA ST OPTIM PASSIVE FIXATION,618
PARADIGM REAL-TIME REVEL INSULIN INFUSION PUMP MMT-523NAP,619
DEXCOM G4 PLATINUM CONTINUOUS GLUCOSE MONITORING SYSTEM DEXCOM SHARE SYSTEM,620
PSU - ASTRAL,621
"FORTIFY ASSURA DR ICD, US",622
EEA ORVIL,623
"R SERIES DEFIBRILLATOR, R SERIES DEFIBRILLATOR",624
TRI-STAPLE 2.0,625
"ENDO GIA, ENDO GIA",626
STARCLOSE SE VASCULAR CLOSURE SYSTEM,627
"ON-Q PAIN RELIEF SYSTEM WITH SELECT-A-FLOW, 400 ML, 2-14 ML/HR",628
"SUBQ, SUBQ",629
R SERIES DEFIBRILLATOR,630
"ELECTRIC PEN DRIVE 60,000 RPM",631
PUMP MMT-751NAS PARADIGM,632
VERSAPORT,633
GREENLIGHT MOXY FIBER OPTIC,634
JRNY II CR LOCK FEM IMPLANT IMPACTOR,635
UNKNOWN_NEUROVASCULAR_PRODUCT,636
LCP ONE-THIRD TUBULAR PLATE WITH COLLAR 7 HOLES/81MM,637
"PREMIUM SURGICLIP III, PREMIUM SURGICLIP III",638
STAR,639
GRANUFLO DISSOLUTION TANK,640
A.T.S. 3000 TOURNIQUET W/HOSES AND LOP SENSOR,641
ZIMMER SKIN GRAFT MESHER,642
640G INSULIN PUMP MMT-1711B,643
"WALLFLEX ¿ DUODENAL, WALLFLEX ¿ DUODENAL",644
INTELLIS,645
RX CYTOLOGY BRUSH,646
BD¿ INSULIN SYRINGE WITH ULTRA-FINE¿ NEEDLE,647
DURACON CS TIBIA INSERT MED 11,648
GALAXY INTRAVASCULAR ULTRASOUND SYSTEM,649
ULTRASONIC IMAGING CATHETER - CORONARY,650
ILAB ULTRASOUND IMAGING SYSTEM,651
RECIPROCATING SAW BLADE STRYKERÂ® RECIP,652
ENDURITY MRI,653
HIP KIT,654
EMAX 2 MOTOR ASSEMBLY,655
INTELLATIP MIFI OI TEMPERATURE ABLATION CATHETER,656
ARROW PICC KIT: 4 FR X 50 CM,657
PARADIGM REAL-TIME REVEL INSULIN INFUSION PUMP  MMT-523NAL,658
PARADIGM REAL-TIME REVEL INSULIN INFUSION PUMP MMT-523RNAB,659
"HEARTMATE II LVAS, EUROPE",660
EPOLY 36MM RLC LNR MROM SZ25,661
36MM COCR MOD HD +9MM,662
OPTICROSS¿ 6,663
G7 SCREW 6.5MM X 25MM,664
HEARTWARE VENTRICULAR ASSIST SYSTEM - CONTROLLER AC ADAPTER,665
SPEEDTRAP GRN/WHITE 30MM,666
"RESUS, ADLT W/MASK, 40"""" TBG, 6/CS",667
QUADRA ASSURA CRT-D QUAD RF HV,668
DURATA STS OPTIM ACTIVE FIXATION,669
METRIX AIR,670
S5 ROLLER PUMP,671
RESTORE ULTRA,672
BD Q-SYTE¿ LUER ACCESS SPLIT-SEPTUM STAND-ALONE DEVICE,673
"ACTIVA, ACTIVA, ACTIVA, ACTIVA",674
S5 MAST ROLLER PUMP,675
BD INSYTE¿ AUTOGUARD¿ BC SHIELDED IV CATHETER,676
PARADIGM REAL-TIME INSULIN INFUSION PUMP MMT-754WWP,677
E SERIES DEFIBRILLATOR,678
AESTIVA 7900,679
BD LUER-LOK¿ SYRINGE,680
BD DISCARDIT¿ II SYRINGE,681
SENSOR MODULE FOR S3 DPC,682
BD ECLIPSE¿ BLOOD COLLECTION NEEDLE WITH LUER ADAPTER,683
AED PLUS,684
IMPL  TAPERED  SCR-V  SBM 3.7MM  3.5MM  13MM,685
"BARDEX® SILICONE COATED FOLEY CATHETER, BARDEX® SILICONE COATED FOLEY CATHETER",686
"ARROW PEDIATRIC JUGULAR SET: 20 GA X 5""""",687
TIBIAL INLAY IMPACTOR HEAD,688
TRIDENT ACET WINDOW TRIAL 54MM,689
"UNKNOWN HIP SYSTEM, UNKNOWN HIP SYSTEM",690
SOLYX-MESH SYNTHETIC,691
X SERIES,692
PARADIGM REAL-TIME INSULIN INFUSION PUMP MMT-754WWS,693
ETS FLEX ARTICNG LNR CUTR 45MM,694
CENTRIFUGAL PUMP 5 (CP5),695
VITEK® MS,696
"OPTIFLUX 200NRE DIALYZER FINISHED ASSY., OPTIFLUX 200NRE DIALYZER FINISHED ASSY.",697
TX1 TISSUE REMOVAL SYSTEM - MICROTIP,698
NELLCOR,699
CENTRIFUGAL PUMP SYSTEM WITH TUBING CLAMP,700
OPTEASE RETRIEVAL FILTER,701
"THUNDERBEAT 5 MM, 45 CM, FRONT-ACTUATED GRIP",702
EDWARDS SAPIEN XT TRANSCATHETER HEART VALVE,703
PARADIGM REAL-TIME INSULIN INFUSION PUMP MMT-554WWL,704
PROTÉGÉ MRI IPG,705
DRIVER 9735024 SOLERA 5.5/6.0 MAS CANN,706
BD ANGIOCATH¿ IV CATHETER,707
TI END CAP FOR TFNA 0MM EXTN - STERILE,708
PARADIGM REAL-TIME REVEL INSULIN INFUSION PUMP MMT-723RNAL,709
AMS ADVANCE XP SLING SYSTEM,710
INTER-LOCK SCREWDRIVER T25/3.5MM HEX/224MM,711
"CURRENT PLUS VR, DF-4 CONNECTOR",712
ASTRAL 150 - FUKUDA,713
EVOLUT PRO TRANSCATHETER AORTIC VALVE,714
"TARGET DEVICE, FEMUR T2 FEMUR",715
PARADIGM REAL-TIME REVEL INSULIN INFUSION PUMP MMT-523LNAB,716
SMALL BATTERY DRIVE,717
LOCKING SCREW AXSOS  5.0MM / L44MM,718
"UNKNOWN IMPLANTABLE NEUROSTIMULATOR, UNKNOWN IMPLANTABLE NEUROSTIMULATOR",719
"FORTIFY DR, U1.6 SJ4 US, FORTIFY DR, U1.6 SJ4 US",720
SIGNIA,721
HEARTWARE VENTRICULAR ASSIST SYSTEM - CAC ADATPER,722
BASIC CONSOLE FOR ELECTRIC PEN DRIVE,723
STENT GENESIS XD 39MM,724
AIM-ARM F/TIBNAIL,725
XEMPLIFI DBM PLUS,726
ADVANIX¿ PANCREATIC STENT KIT,727
SELENIA DIMENSIONS MAMMOGRAPHY SYSTEM 3D,728
DISCOVERY,729
"RESTORE ADVANCED, RESTORE ADVANCED, RESTORE ADVANCED",730
IMPL TAPERED SCR-V MTX 3.7MM 3.5MM 11.5MM,731
XEMPLIFI DBM PUTTY,732
C-QUR MOSAIC MESH,733
BD NEXIVA¿ CLOSED IV CATHETER SYSTEM,734
"VITA MACROPOROUS PP SURGICAL MESH, VITA MACROPOROUS PP SURGICAL MESH",735
OPTIFLUX F250NRE DIALYZER,736
"HIRES 90K¿ ADVANTAGE IMPLANT, HIRES 90K¿ ADVANTAGE IMPLANT",737
TENDRIL MRI,738
BD NEXIVA¿ DIFFUSICS¿ CLOSED IV CATHETER SYSTEM,739
ORBERA INTRAGASTRIC BALLOON SYSTEM,740
"OPTIFLUX F250NRE DIALYZER, OPTIFLUX F250NRE DIALYZER",741
"SYNCHROMED II, SYNCHROMED II, SYNCHROMED II, SYNCHROMED II",742
FLEXIVA (TM) TRACTIP HIGH POWER SINGLE-USE LASER FIBER,743
PRISM HCV,744
DYONICS POWER SMALL BATTERY HANDPIECE,745
ALL-IN-ONE CONTAINER,746
UNKNOWN FEMORAL STEM,747
UNK MAMMARY IMPLANT,748
"UNKNOWN LINER, UNKNOWN LINER",749
UNKNOWN FEMORAL HEAD,750
UNKNOWN OXFORD TIBIAL COMPONENT,751
REFOBACIN REVISION BONE CEMENT,752
UNKNOWN TIBIAL BEARING,753
UNKNOWN OXFORD FEMORAL COMPONENT,754
OXF UNI TIB TRAY SZ B LM PMA,755
UNKNOWN OXFORD BEARING COMPONENT,756
"PULSE GEN MODEL 102, PULSE GEN MODEL 102",757
OXF ANAT BRG LT SM SIZE 3 PMA,758
RENEW FENESTRATED GRASPER FORCEPS TIPS,759
"PATELLA REAMER BLADE WITH PILOT HOLE, PATELLA REAMER BLADE WITH PILOT HOLE",760
"ACTIVA, ACTIVA, ACTIVA",761
UNKNOWN VAGUARD KNEE BEARING,762
EX-PRESS GLAUCOMA FILTRATION DEVICE,763
"POWERED 60 ECHELON +, 340MM SHAFT",764
LOCKING COMPRESSION PLATE BROAD AXSOS  16 HOLE / L299MM 5.0MM LOCKING SET,765
LUTONIX 035 DRUG COATED BALLOON PTA CATHETER,766
LIFEPAK(R) 1000 DEFIBRILLATOR,767
"MONARCH III IOL DELIVERY SYSTEM, CARTRIDGE C",768
CARB-BITE DEBAKEY NH 10-1/2,769
SCISSORS INSERT CEV605-3 3PK 350MM,770
TUBE CEV649-5B DIA 5MM 350MM,771
PRESSURE MONITORING KIT,772
5.5MM PEEK ALLTHREAD KNOTLESS,773
JUGGERKNOT 1.4MM SHRT W/NDLS,774
OXF TWIN-PEG CMNTD FEM SM PMA,775
SOLUTION SETS,776
SPECTRUM INFUSION PUMP,777
SIMULUS SEMI-RIGID ANNULOPASTY RING,778
ACRYSOF IQ TORIC SINGLEPIECE IOL,779
ADVANIX¿ PANCREATIC STENT,780
O-ARM 1000 IMAGING SYSTEM,781
LACTOSORB SYSTEM 14MM RAPID FLAP,782
"RESTORE ADVANCED, RESTORE ADVANCED",783
FLOUROSCAN,784
CLEARCUT KNIVES,785
LEGEND DISSECTING TOOL,786
"IDRIVE ULTRA, IDRIVE ULTRA",787
"SPACEMAKER, SPACEMAKER",788
CRYSTALENS ACCOMMODATING IOL,789
SCALP BD¿ ASEPTO 21G CATHETER,790
ENDO PEANUT,791
LOCKING INSERT AXSOS   5.0MM LOCKING SET,792
"VERSAPORT, VERSAPORT",793
M2A-MAGNUM PF CUP 50ODX44ID,794
INNOVA,795
"SET SCREWDRIVER, FLEXIBLE SHAFT 4 MM",796
"TROCHANTERIC NAIL KIT, TI GAMMA3® Ø11X180MM X 130°",797
LOCKING SCREW AXSOS  5.0MM / L40MM,798
"2008K2 HEMODIALYSIS SYS. OLC/DIASAFE PLS, 2008K2 HEMODIALYSIS SYS. OLC/DIASAFE PLS",799
BRILLANT 100% SIL  FOLEY 1.5ML PED,800
BONE SCR 6.5X30 SELF-TAP,801
RETROGRADE FEM NL DRIVER,802
BD MICROTAINER® TUBE WITH BD MICROGARD¿ CLOSURE,803
"QUICKFLEX XL LV LEAD, QUICKFLEX XL LV LEAD",804
PHILIPS SONICARE,805
FLOGARD,806
SLAP HAMMER ADAPTER,807
POWERED PLUS STANDARD 45,808
SURESIGNS VM 4 PATIENT MONITOR,809
T-PAL SPACER APPLICATOR INNER SHAFT,810
"HEARTWARE VENTRICULAR ASSIST SYSTEM-PUMP, HEARTWARE VENTRICULAR ASSIST SYSTEM-PUMP",811
"CD2215-36Q CURRENT ACCEL DR ICD, CD2215-36Q CURRENT ACCEL DR ICD",812
BD CONNECTA¿ STOPCOCKS CONNECTA PLUS,813
"IMP,TSV,4.1MM,SBM,16",814
BATTERY REAMER/DRILL,815
RIATA PASSIVE FIXATION,816
PULSE GEN MODEL 102,817
PARADIGM REAL-TIME INSULIN INFUSION PUMP MMT-554CMB,818
HEARTSTREAM FR2,819
VASOVIEW HEMOPRO 2,820
SELOX JT 45,821
LOCKING COMPRESSION PLATE BROAD AXSOS  18 HOLE / L335MM 5.0MM LOCKING SET,822
MOSAIC MITRAL BIOPROSTHETIC HEART VALVE,823
RIATA ST ACTIVE FIXATION,824
DOT PROV 3F SL MAX 3CG,825
"LEAD MODEL UNKNOWN, LEAD MODEL UNKNOWN, LEAD MODEL UNKNOWN",826
3.5MM TI LCP SUP ANT CLAVICLE PL W/LAT EXTN 6H/LT/108MM,827
SENSATION¿ SHORT THROW,828
2000 ML TPN BAG,829
ROTICULATOR,830
"FORTIFY DR, U1.6 DF1 US, FORTIFY DR, U1.6 DF1 US",831
"DUAL CATH, METHODE B. CANAUD",832
SALTO TALARIS IMPLANT - UNSPECIFIED,833
UNKNOWN M/L TAPER STEM,834
"STRATA II VALVE, REGULAR",835
POLYSORB,836
INSERT CEV660-1 FENESTRATED 350MM6,837
466P306BU,838
6 SHOOTER SAEED MULTI-BAND LIGATOR,839
HEARTSTART ONSITE,840
INFUSOR,841
HEARTMATE II LVAS,842
1-DAY ACUVUE® MOIST®,843
"VERSYS BEADED FULLCOAT FEMORAL STEM, VERSYS BEADED FULLCOAT FEMORAL STEM",844
PUMP MMT-1714K 630G BLACK MMOL CANADA,845
"PROMUS ELEMENT¿ PLUS, PROMUS ELEMENT¿ PLUS",846
BD PEGASUS PLUS¿ CLOSED NEEDLE PROTECTION IV CATHETER SYSTEM,847
"PERSONA VIVACIT-E FIXED BEARING UC ARTICULAR SURFACE, UNKNOWN PERSONA ARTICULAR SURFACE FIXED BEARING ULTRACONGRUENT, PERSONA VIVACIT-E FIXED BEARING UC ARTICULAR SURFACE, UNKNOWN PERSONA ARTICULAR SURFACE FIXED BEARING ULTRACONGRUENT",848
HEARTSTART FRX,849
V-LOC 90,850
HEARTWARE VENTRICULAR ASSIST SYSTEM - CAC ADAPTER,851
CARPENTIER-EDWARDS® PERIMOUNT MAGNA¿ PERICARDIAL BIOPROSTHESIS,852
MICROPLEX HYPERSOFT HELICAL VTA,853
530G INSULIN PUMP MMT-751PNAS,854
PARADIGM REAL-TIME INSULIN INFUSION PUMP MMT-554LCML,855
7.0 COMPRESSION SCREW DRILL,856
"BABYSAFE HYPERINFLATION SYS, 10' TUBING",857
TNDM BP SHL/XLPE LNR 44OD 26ID,858
G2 X FILTER SYSTEM - FEMORAL,859
"HIP INSTRUMENT, HIP INSTRUMENT",860
"TELEFLEX ISIS SUBGLOTTIC SEC. ETT, 7.5",861
PARADIGM REAL-TIME INSULIN INFUSION PUMP MMT-554CML,862
RETROREAMER (6-12MM),863
SYNERGY II EVEROLIMUS-ELUTING PLATINUM CHROMIUM CORONARY STENT SYSTEM,864
DEVON,865
"SYNERGY II EVEROLIMUS-ELUTING PLATINUM CHROMIUM CORONARY STENT SYSTEM, SYNERGY II EVEROLIMUS-ELUTING PLATINUM CHROMIUM CORONARY STENT SYSTEM",866
RELIATACK,867
CADD® CADD-LEGACY® PUMP,868
HEARTMATE 3 LEFT VENTRICULAR ASSIST SYSTEM,869
OCCLUSION BALLOON CATHETER,870
BD¿ SYRINGE WITH NEEDLE,871
"ETHICON MESH UNKNOWN, PROCEED*SURG MESH/MULTI LYR",872
CARPENTIER-EDWARDS® PERIMOUNT® AORTIC PERICARDIAL BIOPROSTHESIS,873
BD MICROLANCE¿ NEEDLE,874
"PRECISION SPECTRA, PRECISION SPECTRA",875
MONOJECT,876
"RIATA ACTIVE FIXATION, RIATA ACTIVE FIXATION",877
GORE® ACUSEAL VASCULAR GRAFT,878
BD MICROLANCE¿ HYPODERMIC NEEDLE,879
CRYSTALSERT INSERTER,880
POLARIS¿ ULTRA,881
TI POLYAXIAL HEAD FOR USS POLYAXIAL,882
PRESSURE MONITORING KIT WITH TRUWAVE DISPOSABLE PRESSURE TRANSDUCER,883
MELODY TRANSCATHETER PULMONARY VALVE,884
"ETHICON MESH UNKNOWN, ULTRAPRO PLUG (SMALL)",885
BD ULTRA-FINE¿ PEN NEEDLE,886
UNKNOWN ANGIOGUARD,887
TRIDENT 0 DEG INSERT 40MM,888
P/N 9320 LOW FLOW AIR/OXYGEN MICROBLENDER,889
MERCURY,890
M2A-MAGNUM MOD HD SZ 46MM,891
MAYFIELD HEAD HOLDER,892
CERTAIN® GOLD-TITE® HEXED SCREW,893
INFINITI VISION SYSTEM,894
CART 9734056 S7 STAFF SHRT 100-120V INTL,895
M2A-MAGNUM PF CUP 52ODX46ID,896
PARADIGM REAL-TIME INSULIN INFUSION PUMP MMT-554CAH,897
REGEN¿ THT® NC: TUBE THTCIT GC PLBLCE BL/BLK,898
GALILEO ECHO,899
"STYLE 468 SALINE FILLED BREAST IMPLANT, STYLE 468 SALINE FILLED BREAST IMPLANT, STYLE 468 SALINE FILLED BREAST IMPLANT",900
ACCENT DR RF,901
530G INSULIN PUMP MMT-751LNAS,902
PROMUS ELEMENT¿ PLUS,903
ANIMAS INSULIN CARTRIDGE,904
SAGITTAL SAW ATTACHMENT,905
BD VACUTAINER® WINGED SAFETY PBBCS WITH TUBING AND LUER ADAPTER,906
"BD VACUTAINER® WINGED SAFETY PBBCS TUBING, LUER ADAPTER",907
LASER PROBES,908
QUADRA ASSURA (DDQP+),909
ENSEMBLE TRANSCATHETER VALVE DELIVERY SYSTEM,910
SOLYX SIS SYSTEM,911
530G INSULIN PUMP MMT-751PNAL,912
MAXON,913
"HANDPIECE, ELECTRIC DERMATOME",914
"INTELLIS, INTELLIS",915
HEARTWARE VENTRICULAR ASSIST SYSTEM - BATTERY,916
"IDENTITY ADX XL DR, IDENTITY ADX XL DR",917
EXPRESSEW III AC+ GUN,918
8CM ANGLE ATTACHMENT,919
LIGASURE,920
VASOVIEW 7 XB,921
HIGH SPEED ELEC G1 HANDPIECE AIR COOLED,922
"BONE PIN, 3.2MM X 140MM, STERILE 2 PACK",923
ASSURITY MRI,924
HANDPIECE MICS,925
RIO® SYSTEM IRRIGATION CLIP,926
OFFSET CUP REAMER HANDLE,927
BD VENFLON¿ PRO SAFETY PERIPHERAL SAFETY IV CATHETER,928
BD SAFETYGLIDE¿ NEEDLE,929
PARADIGM REAL-TIME REVEL INSULIN INFUSION PUMP MMT-723RNAH,930
UNKNOWN ASCENT BEARING,931
STYLE 468 SALINE FILLED BREAST IMPLANT,932
"STYLE 133FX TISSUE EXPANDER, STYLE 133FX TISSUE EXPANDER, STYLE 133FX TISSUE EXPANDER",933
VITEK® 2 AST-N239 TEST KIT,934
RESTORE ADVANCED,935
3.5MM CORTEX SCREW SELF-TAPPING 50MM,936
PARADIGM REAL-TIME REVEL INSULIN INFUSION PUMP MMT-523RNAL,937
COCR FEM HD 40MM TYPE 1 +9MM,938
S-ICD SYSTEM,939
VASO VIEW HEMOPRO,940
"COCR FEMORAL HEAD, COCR FEMORAL HEAD",941
AMS SPECTRA CONCEALABLE PENILE PROSTHESIS,942
VASOVIEW HEMOPRO,943
3.0 RIO® ROBOTIC ARM - MICS,944
ASKU,945
PARADIGM REAL-TIME REVEL INSULIN INFUSION PUMP MMT-723NAH,946
BERICHROM HEPARIN,947
BN II SYSTEM,948
BD LUER-LOK¿ SYRINGE BULK STERILE PHARMACY CONVENIENCE TRAY,949
IMPLANTABLE NEUROSTIMULATOR,950
MINICAP TRANSFER SET,951
4.5MM LCP® CURVED CONDYLAR PLATE 16 HOLES/350MM-LEFT,952
INVISALIGN SYSTEM,953
ARCTIC FRONT ADVANCE CARDIAC CRYOABLATION CATHETER,954
HUMAPEN LUXURA CHAMPAGNE,955
"DURATA STS OPTIM PASSIVE FIXATION, DF-4 CONNECTOR",956
"QUADRA ASSURA MP (DDQP+), QUADRA ASSURA MP (DDQP+), QUADRA ASSURA MP (DDQP+)",957
RUBY COIL,958
LANTERN DELIVERY MICROCATHETER,959
XIENCE ALPINE EVEROLIMUS ELUTING CORONARY STENT SYSTEM,960
PENUMBRA SYSTEM 3D REVASCULARIZATION DEVICE,961
MEDSTONE LITHOTRIPTOR,962
RAD-8 HORIZONTAL,963
HEARTWARE VENTRICULAR ASSIST SYSTEM - WAIST PACK,964
"ACRYSOF RESTOR TORIC SINGLEPIECE IOL, ACRYSOF RESTOR TORIC SINGLEPIECE IOL",965
ACRYSOF IQ RESTOR SINGLEPIECE IOL,966
ELLIPSE VR,967
TENDRIL DX,968
METHA SHORT HIP STEM ¿CAP SIZE 3,969
METHA NECK 12/14 135°/0°,970
"SYNCHROMED II, SYNCHROMED II, SYNCHROMED II, SYNCHROMED II, SYNCHROMED II",971
ADVIA CENTAUR XP,972
"LAMITRODE S-8 LEAD KIT, 60CM LENGTH, LAMITRODE S-8 LEAD KIT, 60CM LENGTH",973
LINEAGE(R) TRANSCEND(R) CERAMIC FEMORAL HEAD,974
PROFEMUR(R) COCR NECK,975
"LAMITRODE S-8 LEAD KIT, 60CM LENGTH, LAMITRODE S-8 LEAD KIT, 60CM LENGTH, LAMITRODE S-8 LEAD KIT, 60CM LENGTH, LAMITRODE S-8 LEAD KIT, 60CM LENGTH",976
PRECISION SPECTRA,977
"CATHETER 41701 RIVULET VENTRICULAR, CATHETER 41701 RIVULET VENTRICULAR",978
PARADIGM REAL-TIME REVEL INSULIN INFUSION PUMP,979
DEXCOM G4 PLATINUM PROFESSIONAL CONTINUOUS GLUCOSE MONITORING SYSTEM,980
"DEXCOM G4 PLATINUM CONTINUOUS GLUCOSE MONITORING SYSTEM DEXCOM SHARE SYSTEM, DEXCOM G4 PLATINUM CONTINUOUS GLUCOSE MONITORING SYSTEM DEXCOM SHARE SYSTEM",981
"G2 FILTER SYSTEM - JUGULAR, G2 FILTER SYSTEM - JUGULAR",982
"ALUMINA V40-FEMORAL HEAD      36MM, +5MM NK",983
UNKNOWN STEM,984
VOLIFT WITH LIDOCAINE,985
PARADIGM REAL-TIME INSULIN INFUSION PUMP MMT-522WWS,986
530G INSULIN PUMP MMT-751NAH,987
HORIZON,988
2008T GEN 2 BIBAG WITHOUT CDX,989
"630G INSULIN PUMP MMT-1715K 630G BLACK MG, 630G INSULIN PUMP MMT-1715K 630G BLACK MG",990
LOGIC JR PEDIATRIC MANDIBULAR DISTRACTION SYSTEM,991
CABLE PLUG AXSOS  5.0MM LOCKING SYSTEM,992
CD2257-40Q FORTIFY ASSURA DR ICD_IDE_US,993
X3 HUMERAL INSERT - 36MM X 4MM STANDARD,994
HUMERAL CUP - 36MM DIA X 4MM THK,995
PARADIGM REAL-TIME INSULIN INFUSION PUMP MMT-754WWL,996
7F MICRO-INTRODUCER SET,997
"MERLIN@HOME, RF TELEMETRY BASIC",998
PARADIGM REAL-TIME INSULIN INFUSION PUMP MMT-722LCAS,999
PARADIGM REAL-TIME INSULIN INFUSION PUMP MMT-722NAS,1000